Timestamp,PT-3,PT-4,PT-5,PT-6,PT-7,PT-8,PT-9,PT-10,Temperatura EF,Temperatura SF,Temperatura Tanque,Setpoint Conductividad,Salida Conductividad,Setpoint Temperatura,Presión Transmembrana,Nivel,Valvula 27,C. Deareación,Protector Calefactor,Aire en Sangre,Sangre en dializante,Purga de aire
2026-03-09 13:48:26.366,6.4701587751630285,-0.388586387434555,-0.4422338568935428,18.659484024857193,1.5860859937257796,0.9747141361256544,1.4909516230366475,-0.04287676609105185,23.26007326007326,21.39194139194139,0.0,0.0,0.0,35.0,N/A,0.0,0.0,0.0,1.0,0.0,0.0,0.0
2026-03-09 13:48:31.363,33.68684434363482,-0.4416404886561955,-0.44275741710296684,0.7393948904651308,5.792950728916773,0.6425893193717261,1.4368008376963335,-0.04483908948194667,23.235653235653235,20.561660561660563,100.0,0.0,0.0,35.0,N/A,0.0,0.0,0.0,1.0,0.0,0.0,0.0
2026-03-09 13:48:36.365,5.281684150836405,0.6634205933682373,-0.4426876090750436,0.7799183980917715,13.696392323306883,0.8609974869109955,1.4241656544502634,-0.04454474097331249,22.307692307692307,17.94871794871795,100.0,0.0,0.0,35.0,N/A,0.0,0.0,0.0,1.0,0.0,0.0,0.0
2026-03-09 13:48:41.364,29.376311312730365,-0.49148342059336825,-0.4426876090750436,0.7506396334191184,8.276711570400442,1.0126196858638727,1.427775706806281,-0.044054160125588784,22.38095238095238,21.636141636141637,100.0,0.0,0.0,35.0,N/A,0.0,0.0,0.0,1.0,0.0,0.0,0.0
2026-03-09 13:48:46.365,33.68875815140346,-0.44174520069808026,-0.4426178010471204,0.776948088632228,4.60089499907732,0.7382557068062843,1.4331907853403159,-0.045231554160125496,22.05128205128205,21.001221001221,100.0,0.0,0.0,35.0,N/A,0.0,0.0,0.0,1.0,0.0,0.0,0.0
2026-03-09 13:48:51.366,15.092075418202436,0.07661431064572426,-0.442478184991274,0.7922239658527391,13.938457279940948,0.6209290052356037,1.413335497382198,-0.044642857142857144,22.136752136752136,20.183150183150182,100.0,0.0,0.0,35.0,N/A,0.0,0.0,0.0,1.0,0.0,0.0,0.0
2026-03-09 13:48:56.363,9.397434079954635,0.512844677137871,-0.44258289703315884,0.8091971627644208,10.735144860675401,0.9368085863874361,1.4422159162303683,-0.04483908948194667,21.953601953601954,17.61904761904762,100.0,0.0,0.0,35.0,N/A,0.0,0.0,0.0,1.0,0.0,0.0,0.0
2026-03-09 13:49:01.363,33.686206407711936,-0.4416055846422339,-0.44275741710296684,0.7756750988638511,4.988697176600849,0.702155183246075,1.4079204188481675,-0.04582025117739408,22.026862026862027,19.645909645909647,100.0,0.0,0.0,35.0,N/A,0.0,0.0,0.0,1.0,0.0,0.0,0.0
2026-03-09 13:49:06.362,29.3433512900482,-0.4181151832460733,-0.442652705061082,0.8526909798506049,9.773943532016977,0.6281491099476432,1.4530460732984292,-0.04493720565149132,22.014652014652015,20.54945054945055,100.0,0.0,0.0,35.0,N/A,0.0,0.0,0.0,1.0,0.0,0.0,0.0
2026-03-09 13:49:11.362,5.426920895945564,0.8106108202443281,-0.442652705061082,0.8077120080346509,12.320400442886141,0.895292984293192,1.4241656544502634,-0.044740973312401795,21.575091575091577,20.732600732600734,100.0,0.0,0.0,35.0,N/A,0.0,0.0,0.0,1.0,0.0,0.0,0.0
2026-03-09 13:49:16.368,33.68684434363482,-0.4416404886561955,-0.4426876090750436,0.7756750988638511,4.838392692378668,0.8393371727748691,1.400700314136124,-0.0455259026687599,22.1001221001221,20.94017094017094,100.0,0.0,0.0,35.0,N/A,0.0,0.0,0.0,1.0,0.0,0.0,0.0
2026-03-09 13:49:21.382,22.7064785937057,-0.26788830715532286,-0.44275741710296684,0.8473868558157044,12.116534415943901,0.48916209424083607,1.4331907853403159,-0.045133437990580845,22.185592185592185,20.54945054945055,100.0,0.0,0.0,35.0,N/A,0.0,0.0,0.0,1.0,0.0,0.0,0.0
2026-03-09 13:49:26.361,6.173093280408279,0.9645026178010471,-0.4426178010471204,0.8153499466449046,11.455111644214798,0.9097331937172791,1.4061153926701588,-0.04483908948194667,21.94139194139194,21.26984126984127,100.0,0.0,0.0,35.0,N/A,0.0,0.0,0.0,1.0,0.0,0.0,0.0
2026-03-09 13:49:31.362,32.25786787638219,-0.46984293193717275,-0.44254799301919723,0.746396334191198,7.295580365381067,1.021644816753925,1.4169455497382197,-0.044642857142857144,22.063492063492063,21.184371184371184,100.0,0.0,0.0,35.0,N/A,0.0,0.0,0.0,1.0,0.0,0.0,0.0
2026-03-09 13:49:36.363,32.389282676495604,-0.4328097731239092,-0.4426178010471204,0.8486598455840813,7.341252998708248,0.5830234554973814,1.4097254450261765,-0.044740973312401795,21.733821733821735,20.695970695970697,100.0,0.0,0.0,35.0,N/A,0.0,0.0,0.0,1.0,0.0,0.0,0.0
2026-03-09 13:49:41.366,5.271689821377943,0.8248167539267017,-0.4426178010471204,0.8155621116063013,12.743910315556375,0.8862678534031397,1.4566561256544512,-0.04434850863422297,21.92918192918193,20.72039072039072,100.0,0.0,0.0,35.0,N/A,0.0,0.0,0.0,1.0,0.0,0.0,0.0
2026-03-09 13:49:46.366,16.390487666572156,0.4031762652705061,-0.44258289703315884,0.7693101500219705,9.92258719320908,0.9584689005235585,1.4512410471204205,-0.04385792778649926,21.70940170940171,21.17216117216117,100.0,0.0,0.0,35.0,N/A,0.0,0.0,0.0,1.0,0.0,0.0,0.0
2026-03-09 13:49:51.359,33.69173518571023,-0.44157068062827226,-0.44258289703315884,0.7744021090954741,5.387294703819893,0.6750797905759179,1.4331907853403159,-0.04483908948194667,22.31990231990232,20.81807081807082,100.0,0.0,0.0,35.0,N/A,0.0,0.0,0.0,1.0,0.0,0.0,0.0
2026-03-09 13:49:56.366,5.7125035440884595,0.8127748691099477,-0.44272251308900523,0.7996497395015998,13.511210555453038,0.8573874345549738,1.4422159162303683,-0.04395604395604391,21.611721611721613,18.29059829059829,100.0,0.0,0.0,35.0,N/A,0.0,0.0,0.0,1.0,0.0,0.0,0.0
2026-03-09 13:50:01.359,24.36851431811738,-0.2668760907504363,-0.4425130890052356,0.7847981922038784,8.650396752168296,0.980129214659685,1.445825968586386,-0.044740973312401795,21.58730158730159,17.997557997557998,100.0,0.0,0.0,35.0,N/A,0.0,0.0,0.0,1.0,0.0,0.0,0.0
