timestamp,heitmann_l,ktv,type,therapy_minutes
2026-06-18 15:05:24,42.9,0.0,Manual,4.25
2026-06-18 15:05:24,42.9,0.0,Auto,0.0
2026-06-18 15:05:25,42.9,0.0,Auto,0.0
2026-06-18 15:05:25,42.9,0.0,Auto,0.0
2026-06-18 15:05:26,42.9,0.0,Auto,0.0
2026-06-18 15:05:26,42.9,0.0,Auto,0.0
2026-06-18 15:05:27,42.9,0.0,Auto,0.0
2026-06-18 15:05:27,42.9,0.0,Auto,0.0
2026-06-18 15:05:28,42.9,0.0,Auto,0.0
2026-06-18 15:05:28,42.9,0.0,Auto,0.0
2026-06-18 15:05:29,42.9,0.0,Auto,0.0
2026-06-18 15:05:29,42.9,0.0,Auto,0.0
2026-06-18 15:05:30,42.9,0.0,Auto,0.0
2026-06-18 15:05:30,42.9,0.0,Auto,0.0
2026-06-18 15:05:31,42.9,0.0,Auto,0.0
2026-06-18 15:05:31,42.9,0.0,Auto,0.0
2026-06-18 15:05:32,42.9,0.0,Auto,0.0
2026-06-18 15:05:32,42.9,0.0,Auto,0.0
2026-06-18 15:05:33,42.9,0.0,Auto,0.0
2026-06-18 15:05:33,42.9,0.0,Auto,0.0
2026-06-18 15:05:34,42.9,0.0,Auto,0.0
2026-06-18 15:05:34,42.9,0.0,Auto,0.0
2026-06-18 15:05:35,42.9,0.0,Auto,0.0
2026-06-18 15:05:35,42.9,0.0,Auto,0.0
2026-06-18 15:05:36,42.9,0.0,Auto,0.0
2026-06-18 15:05:36,42.9,0.0,Auto,0.0
2026-06-18 15:05:37,42.9,0.0,Auto,0.0
2026-06-18 15:05:37,42.9,0.0,Auto,0.0
2026-06-18 15:05:38,42.9,0.0,Auto,0.0
2026-06-18 15:05:38,42.9,0.0,Auto,0.0
2026-06-18 15:05:39,42.9,0.0,Auto,0.0
2026-06-18 15:05:39,42.9,0.0,Auto,0.0
2026-06-18 15:05:40,42.9,0.0,Auto,0.0
2026-06-18 15:05:40,42.9,0.0,Auto,0.0
2026-06-18 15:05:41,42.9,0.0,Auto,0.0
2026-06-18 15:05:41,42.9,0.0,Auto,0.0
2026-06-18 15:05:42,42.9,0.0,Auto,0.0
2026-06-18 15:05:42,42.9,0.0,Auto,0.0
2026-06-18 15:05:43,42.9,0.0,Auto,0.0
2026-06-18 15:05:43,42.9,0.0,Auto,0.0
2026-06-18 15:05:44,42.9,0.0,Auto,0.0
2026-06-18 15:05:44,42.9,0.0,Auto,0.0
2026-06-18 15:05:45,42.9,0.0,Auto,0.0
2026-06-18 15:05:45,42.9,0.0,Auto,0.0
2026-06-18 15:05:46,42.9,0.0,Auto,0.0
2026-06-18 15:05:46,42.9,0.0,Auto,0.0
2026-06-18 15:05:47,42.9,0.0,Auto,0.0
2026-06-18 15:05:47,42.9,0.0,Auto,0.0
2026-06-18 15:05:48,42.9,0.0,Auto,0.0
2026-06-18 15:05:48,42.9,0.0,Auto,0.0
2026-06-18 15:05:49,42.9,0.0,Auto,0.0
2026-06-18 15:05:49,42.9,0.0,Auto,0.0
2026-06-18 15:05:50,42.9,0.0,Auto,0.0
2026-06-18 15:05:50,42.9,0.0,Auto,0.0
2026-06-18 15:05:51,42.9,0.0,Auto,0.0
2026-06-18 15:05:51,42.9,0.0,Auto,0.0
2026-06-18 15:05:52,42.9,0.0,Auto,0.0
2026-06-18 15:05:52,42.9,0.0,Auto,0.0
2026-06-18 15:05:53,42.9,0.0,Auto,0.0
2026-06-18 15:05:53,42.9,0.0,Auto,0.0
2026-06-18 15:05:54,42.9,0.0,Auto,0.0
2026-06-18 15:05:54,42.9,0.0,Auto,0.0
2026-06-18 15:05:55,42.9,0.0,Auto,0.0
2026-06-18 15:05:55,42.9,0.0,Auto,0.0
2026-06-18 15:05:56,42.9,0.0,Auto,0.0
2026-06-18 15:05:56,42.9,0.0,Auto,0.0
2026-06-18 15:05:57,42.9,0.0,Auto,0.0
2026-06-18 15:05:57,42.9,0.0,Auto,0.0
2026-06-18 15:05:58,42.9,0.0,Auto,0.0
2026-06-18 15:05:58,42.9,0.0,Auto,0.0
2026-06-18 15:05:59,42.9,0.0,Auto,0.0
2026-06-18 15:05:59,42.9,0.0,Auto,0.0
2026-06-18 15:06:00,42.9,0.0,Auto,0.0
2026-06-18 15:06:00,42.9,0.0,Auto,0.0
2026-06-18 15:06:01,42.9,0.0,Auto,0.0
2026-06-18 15:06:01,42.9,0.0,Auto,0.0
2026-06-18 15:06:02,42.9,0.0,Auto,0.0
2026-06-18 15:06:02,42.9,0.0,Auto,0.0
2026-06-18 15:06:03,42.9,0.0,Auto,0.0
2026-06-18 15:06:03,42.9,0.0,Auto,0.0
2026-06-18 15:06:04,42.9,0.0,Auto,0.0
2026-06-18 15:06:04,42.9,0.0,Auto,0.0
2026-06-18 15:06:05,42.9,0.0,Auto,0.0
2026-06-18 15:06:05,42.9,0.0,Auto,0.0
2026-06-18 15:06:06,42.9,0.0,Auto,0.0
2026-06-18 15:06:06,42.9,0.0,Auto,0.0
2026-06-18 15:06:07,42.9,0.0,Auto,0.0
2026-06-18 15:06:07,42.9,0.0,Auto,0.0
2026-06-18 15:06:08,42.9,0.0,Auto,0.0
2026-06-18 15:06:08,42.9,0.0,Auto,0.0
2026-06-18 15:06:09,42.9,0.0,Auto,0.0
2026-06-18 15:06:09,42.9,0.0,Auto,0.0
2026-06-18 15:06:10,42.9,0.0,Auto,0.0
2026-06-18 15:06:10,42.9,0.0,Auto,0.0
2026-06-18 15:06:11,42.9,0.0,Auto,0.0
2026-06-18 15:06:11,42.9,0.0,Auto,0.0
2026-06-18 15:06:12,42.9,0.0,Auto,0.0
2026-06-18 15:06:12,42.9,0.0,Auto,0.0
2026-06-18 15:06:13,42.9,0.0,Auto,0.0
2026-06-18 15:06:13,42.9,0.0,Auto,0.0
2026-06-18 15:06:14,42.9,0.0,Auto,0.0
2026-06-18 15:06:14,42.9,0.0,Auto,0.0
2026-06-18 15:06:15,42.9,0.0,Auto,0.0
2026-06-18 15:06:15,42.9,0.0,Auto,0.0
2026-06-18 15:06:16,42.9,0.0,Auto,0.0
2026-06-18 15:06:16,42.9,0.0,Auto,0.0
2026-06-18 15:06:17,42.9,0.0,Auto,0.0
2026-06-18 15:06:17,42.9,0.0,Auto,0.0
2026-06-18 15:06:18,42.9,0.0,Auto,0.0
2026-06-18 15:06:18,42.9,0.0,Auto,0.0
2026-06-18 15:06:19,42.9,0.0,Auto,0.0
2026-06-18 15:06:19,42.9,0.0,Auto,0.0
2026-06-18 15:06:20,42.9,0.0,Auto,0.0
2026-06-18 15:06:20,42.9,0.0,Auto,0.0
2026-06-18 15:06:21,42.9,0.0,Auto,0.0
2026-06-18 15:06:21,42.9,0.0,Auto,0.0
2026-06-18 15:06:22,42.9,0.0,Auto,0.0
2026-06-18 15:06:22,42.9,0.0,Auto,0.0
2026-06-18 15:06:23,42.9,0.0,Auto,0.0
2026-06-18 15:06:23,42.9,0.0,Auto,0.0
2026-06-18 15:06:24,42.9,0.0,Auto,0.0
2026-06-18 15:06:24,42.9,0.0,Auto,0.0
2026-06-18 15:06:25,42.9,0.0,Auto,0.0
2026-06-18 15:06:25,42.9,0.0,Auto,0.0
2026-06-18 15:06:26,42.9,0.0,Auto,0.0
2026-06-18 15:06:26,42.9,0.0,Auto,0.0
2026-06-18 15:06:27,42.9,0.0,Auto,0.0
2026-06-18 15:06:27,42.9,0.0,Auto,0.0
2026-06-18 15:06:28,42.9,0.0,Auto,0.0
2026-06-18 15:06:28,42.9,0.0,Auto,0.0
2026-06-18 15:06:29,42.9,0.0,Auto,0.0
2026-06-18 15:06:29,42.9,0.0,Auto,0.0
2026-06-18 15:06:30,42.9,0.0,Auto,0.0
2026-06-18 15:06:30,42.9,0.0,Auto,0.0
2026-06-18 15:06:31,42.9,0.0,Auto,0.0
2026-06-18 15:06:31,42.9,0.0,Auto,0.0
2026-06-18 15:06:32,42.9,0.0,Auto,0.0
2026-06-18 15:06:32,42.9,0.0,Auto,0.0
2026-06-18 15:06:33,42.9,0.0,Auto,0.0
2026-06-18 15:06:33,42.9,0.0,Auto,0.0
2026-06-18 15:06:34,42.9,0.0,Auto,0.0
2026-06-18 15:06:34,42.9,0.0,Auto,0.0
2026-06-18 15:06:35,42.9,0.0,Auto,0.0
2026-06-18 15:06:35,42.9,0.0,Auto,0.0
2026-06-18 15:06:36,42.9,0.0,Auto,0.0
2026-06-18 15:06:36,42.9,0.0,Auto,0.0
2026-06-18 15:06:37,42.9,0.0,Auto,0.0
2026-06-18 15:06:37,42.9,0.0,Auto,0.0
2026-06-18 15:06:38,42.9,0.0,Auto,0.0
2026-06-18 15:06:38,42.9,0.0,Auto,0.0
2026-06-18 15:06:39,42.9,0.0,Auto,0.0
2026-06-18 15:06:39,42.9,0.0,Auto,0.0
2026-06-18 15:06:40,42.9,0.0,Auto,0.0
2026-06-18 15:06:40,42.9,0.0,Auto,0.0
2026-06-18 15:06:41,42.9,0.0,Auto,0.0
2026-06-18 15:06:41,42.9,0.0,Auto,0.0
2026-06-18 15:06:42,42.9,0.0,Auto,0.0
2026-06-18 15:06:42,42.9,0.0,Auto,0.0
2026-06-18 15:06:43,42.9,0.0,Auto,0.0
2026-06-18 15:06:43,42.9,0.0,Auto,0.0
2026-06-18 15:06:44,42.9,0.0,Auto,0.0
2026-06-18 15:06:44,42.9,0.0,Auto,0.0
2026-06-18 15:06:45,42.9,0.0,Auto,0.0
2026-06-18 15:06:45,42.9,0.0,Auto,0.0
2026-06-18 15:06:46,42.9,0.0,Auto,0.0
2026-06-18 15:06:46,42.9,0.0,Auto,0.0
2026-06-18 15:06:47,42.9,0.0,Auto,0.0
2026-06-18 15:06:47,42.9,0.0,Auto,0.0
2026-06-18 15:06:48,42.9,0.0,Auto,0.0
2026-06-18 15:06:48,42.9,0.0,Auto,0.0
2026-06-18 15:06:49,42.9,0.0,Auto,0.0
2026-06-18 15:06:49,42.9,0.0,Auto,0.0
2026-06-18 15:06:50,42.9,0.0,Auto,0.0
2026-06-18 15:06:50,42.9,0.0,Auto,0.0
2026-06-18 15:06:51,42.9,0.0,Auto,0.0
2026-06-18 15:06:51,42.9,0.0,Auto,0.0
2026-06-18 15:06:52,42.9,0.0,Auto,0.0
2026-06-18 15:06:52,42.9,0.0,Auto,0.0
2026-06-18 15:06:53,42.9,0.0,Auto,0.0
2026-06-18 15:06:53,42.9,0.0,Auto,0.0
2026-06-18 15:06:54,42.9,0.0,Auto,0.0
2026-06-18 15:06:54,42.9,0.0,Auto,0.0
2026-06-18 15:06:55,42.9,0.0,Auto,0.0
2026-06-18 15:06:55,42.9,0.0,Auto,0.0
2026-06-18 15:06:56,42.9,0.0,Auto,0.0
2026-06-18 15:06:56,42.9,0.0,Auto,0.0
2026-06-18 15:06:57,42.9,0.0,Auto,0.0
2026-06-18 15:06:57,42.9,0.0,Auto,0.0
2026-06-18 15:06:58,42.9,0.0,Auto,0.0
2026-06-18 15:06:58,42.9,0.0,Auto,0.0
2026-06-18 15:06:59,42.9,0.0,Auto,0.0
2026-06-18 15:06:59,42.9,0.0,Auto,0.0
2026-06-18 15:07:00,42.9,0.0,Auto,0.0
2026-06-18 15:07:00,42.9,0.0,Auto,0.0
2026-06-18 15:07:01,42.9,0.0,Auto,0.0
2026-06-18 15:07:01,42.9,0.0,Auto,0.0
2026-06-18 15:07:02,42.9,0.0,Auto,0.0
2026-06-18 15:07:02,42.9,0.0,Auto,0.0
2026-06-18 15:07:03,42.9,0.0,Auto,0.0
2026-06-18 15:07:03,42.9,0.0,Auto,0.0
2026-06-18 15:07:04,42.9,0.0,Auto,0.0
2026-06-18 15:07:04,42.9,0.0,Auto,0.0
2026-06-18 15:07:05,42.9,0.0,Auto,0.0
2026-06-18 15:07:05,42.9,0.0,Auto,0.0
2026-06-18 15:07:06,42.9,0.0,Auto,0.0
2026-06-18 15:07:06,42.9,0.0,Auto,0.0
2026-06-18 15:07:07,42.9,0.0,Auto,0.0
2026-06-18 15:07:07,42.9,0.0,Auto,0.0
2026-06-18 15:07:08,42.9,0.0,Auto,0.0
2026-06-18 15:07:08,42.9,0.0,Auto,0.0
2026-06-18 15:07:09,42.9,0.0,Auto,0.0
2026-06-18 15:07:09,42.9,0.0,Auto,0.0
2026-06-18 15:07:10,42.9,0.0,Auto,0.0
2026-06-18 15:07:10,42.9,0.0,Auto,0.0
2026-06-18 15:07:11,42.9,0.0,Auto,0.0
2026-06-18 15:07:11,42.9,0.0,Auto,0.0
2026-06-18 15:07:12,42.9,0.0,Auto,0.0
2026-06-18 15:07:12,42.9,0.0,Auto,0.0
2026-06-18 15:07:13,42.9,0.0,Auto,0.0
2026-06-18 15:07:13,42.9,0.0,Auto,0.0
2026-06-18 15:07:14,42.9,0.0,Auto,0.0
2026-06-18 15:07:14,42.9,0.0,Auto,0.0
2026-06-18 15:07:15,42.9,0.0,Auto,0.0
2026-06-18 15:07:15,42.9,0.0,Auto,0.0
2026-06-18 15:07:16,42.9,0.0,Auto,0.0
2026-06-18 15:07:16,42.9,0.0,Auto,0.0
2026-06-18 15:07:17,42.9,0.0,Auto,0.0
2026-06-18 15:07:17,42.9,0.0,Auto,0.0
2026-06-18 15:07:18,42.9,0.0,Auto,0.0
2026-06-18 15:07:18,42.9,0.0,Auto,0.0
2026-06-18 15:07:19,42.9,0.0,Auto,0.0
2026-06-18 15:07:19,42.9,0.0,Auto,0.0
2026-06-18 15:07:20,42.9,0.0,Auto,0.0
2026-06-18 15:07:20,42.9,0.0,Auto,0.0
2026-06-18 15:07:21,42.9,0.0,Auto,0.0
2026-06-18 15:07:21,42.9,0.0,Auto,0.0
2026-06-18 15:07:22,42.9,0.0,Auto,0.0
2026-06-18 15:07:22,42.9,0.0,Auto,0.0
2026-06-18 15:07:23,42.9,0.0,Auto,0.0
2026-06-18 15:07:23,42.9,0.0,Auto,0.0
2026-06-18 15:07:24,42.9,0.0,Auto,0.0
2026-06-18 15:07:24,42.9,0.0,Auto,0.0
2026-06-18 15:07:25,42.9,0.0,Auto,0.0
2026-06-18 15:07:25,42.9,0.0,Auto,0.0
2026-06-18 15:07:26,42.9,0.0,Auto,0.0
2026-06-18 15:07:26,42.9,0.0,Auto,0.0
2026-06-18 15:07:27,42.9,0.0,Auto,0.0
2026-06-18 15:07:27,42.9,0.0,Auto,0.0
2026-06-18 15:07:28,42.9,0.0,Auto,0.0
2026-06-18 15:07:28,42.9,0.0,Auto,0.0
2026-06-18 15:07:29,42.9,0.0,Auto,0.0
2026-06-18 15:07:29,42.9,0.0,Auto,0.0
2026-06-18 15:07:30,42.9,0.0,Auto,0.0
2026-06-18 15:07:30,42.9,0.0,Auto,0.0
2026-06-18 15:07:31,42.9,0.0,Auto,0.0
2026-06-18 15:07:31,42.9,0.0,Auto,0.0
2026-06-18 15:07:32,42.9,0.0,Auto,0.0
2026-06-18 15:07:32,42.9,0.0,Auto,0.0
2026-06-18 15:07:33,42.9,0.0,Auto,0.0
2026-06-18 15:07:33,42.9,0.0,Auto,0.0
2026-06-18 15:07:34,42.9,0.0,Auto,0.0
2026-06-18 15:07:34,42.9,0.0,Auto,0.0
2026-06-18 15:07:35,42.9,0.0,Auto,0.0
2026-06-18 15:07:35,42.9,0.0,Auto,0.0
2026-06-18 15:07:36,42.9,0.0,Auto,0.0
2026-06-18 15:07:36,42.9,0.0,Auto,0.0
2026-06-18 15:07:37,42.9,0.0,Auto,0.0
2026-06-18 15:07:37,42.9,0.0,Auto,0.0
2026-06-18 15:07:38,42.9,0.0,Auto,0.0
2026-06-18 15:07:38,42.9,0.0,Auto,0.0
2026-06-18 15:07:39,42.9,0.0,Auto,0.0
2026-06-18 15:07:39,42.9,0.0,Auto,0.0
2026-06-18 15:07:40,42.9,0.0,Auto,0.0
2026-06-18 15:07:40,42.9,0.0,Auto,0.0
2026-06-18 15:07:41,42.9,0.0,Auto,0.0
2026-06-18 15:07:41,42.9,0.0,Auto,0.0
2026-06-18 15:07:42,42.9,0.0,Auto,0.0
2026-06-18 15:07:42,42.9,0.0,Auto,0.0
2026-06-18 15:07:43,42.9,0.0,Auto,0.0
2026-06-18 15:07:43,42.9,0.0,Auto,0.0
2026-06-18 15:07:44,42.9,0.0,Auto,0.0
2026-06-18 15:07:44,42.9,0.0,Auto,0.0
2026-06-18 15:07:45,42.9,0.0,Auto,0.0
2026-06-18 15:07:45,42.9,0.0,Auto,0.0
2026-06-18 15:07:46,42.9,0.0,Auto,0.0
2026-06-18 15:07:46,42.9,0.0,Auto,0.0
2026-06-18 15:07:47,42.9,0.0,Auto,0.0
2026-06-18 15:07:47,42.9,0.0,Auto,0.0
2026-06-18 15:07:48,42.9,0.0,Auto,0.0
2026-06-18 15:07:48,42.9,0.0,Auto,0.0
2026-06-18 15:07:49,42.9,0.0,Auto,0.0
2026-06-18 15:07:49,42.9,0.0,Auto,0.0
2026-06-18 15:07:50,42.9,0.0,Auto,0.0
2026-06-18 15:07:50,42.9,0.0,Auto,0.0
2026-06-18 15:07:51,42.9,0.0,Auto,0.0
2026-06-18 15:07:51,42.9,0.0,Auto,0.0
2026-06-18 15:07:52,42.9,0.0,Auto,0.0
2026-06-18 15:07:52,42.9,0.0,Auto,0.0
2026-06-18 15:07:53,42.9,0.0,Auto,0.0
2026-06-18 15:07:53,42.9,0.0,Auto,0.0
2026-06-18 15:07:54,42.9,0.0,Auto,0.0
2026-06-18 15:07:54,42.9,0.0,Auto,0.0
2026-06-18 15:07:55,42.9,0.0,Auto,0.0
2026-06-18 15:07:55,42.9,0.0,Auto,0.0
2026-06-18 15:07:56,42.9,0.0,Auto,0.0
2026-06-18 15:07:56,42.9,0.0,Auto,0.0
2026-06-18 15:07:57,42.9,0.0,Auto,0.0
2026-06-18 15:07:57,42.9,0.0,Auto,0.0
2026-06-18 15:07:58,42.9,0.0,Auto,0.0
2026-06-18 15:07:58,42.9,0.0,Auto,0.0
2026-06-18 15:07:59,42.9,0.0,Auto,0.0
2026-06-18 15:07:59,42.9,0.0,Auto,0.0
2026-06-18 15:08:00,42.9,0.0,Auto,0.0
2026-06-18 15:08:00,42.9,0.0,Auto,0.0
2026-06-18 15:08:01,42.9,0.0,Auto,0.0
2026-06-18 15:08:01,42.9,0.0,Auto,0.0
2026-06-18 15:08:02,42.9,0.0,Auto,0.0
2026-06-18 15:08:02,42.9,0.0,Auto,0.0
2026-06-18 15:08:03,42.9,0.0,Auto,0.0
2026-06-18 15:08:03,42.9,0.0,Auto,0.0
2026-06-18 15:08:04,42.9,0.0,Auto,0.0
2026-06-18 15:08:04,42.9,0.0,Auto,0.0
2026-06-18 15:08:05,42.9,0.0,Auto,0.0
2026-06-18 15:08:05,42.9,0.0,Auto,0.0
2026-06-18 15:08:06,42.9,0.0,Auto,0.0
2026-06-18 15:08:06,42.9,0.0,Auto,0.0
2026-06-18 15:08:07,42.9,0.0,Auto,0.0
2026-06-18 15:08:07,42.9,0.0,Auto,0.0
2026-06-18 15:08:08,42.9,0.0,Auto,0.0
2026-06-18 15:08:08,42.9,0.0,Auto,0.0
2026-06-18 15:08:09,42.9,0.0,Auto,0.0
2026-06-18 15:08:09,42.9,0.0,Auto,0.0
2026-06-18 15:08:10,42.9,0.0,Auto,0.0
2026-06-18 15:08:10,42.9,0.0,Auto,0.0
2026-06-18 15:08:11,42.9,0.0,Auto,0.0
2026-06-18 15:08:11,42.9,0.0,Auto,0.0
2026-06-18 15:08:12,42.9,0.0,Auto,0.0
2026-06-18 15:08:12,42.9,0.0,Auto,0.0
2026-06-18 15:08:13,42.9,0.0,Auto,0.0
2026-06-18 15:08:13,42.9,0.0,Auto,0.0
2026-06-18 15:08:14,42.9,0.0,Auto,0.0
2026-06-18 15:08:14,42.9,0.0,Auto,0.0
2026-06-18 15:08:15,42.9,0.0,Auto,0.0
2026-06-18 15:08:15,42.9,0.0,Auto,0.0
2026-06-18 15:08:16,42.9,0.0,Auto,0.0
2026-06-18 15:08:16,42.9,0.0,Auto,0.0
2026-06-18 15:08:17,42.9,0.0,Auto,0.0
2026-06-18 15:08:17,42.9,0.0,Auto,0.0
2026-06-18 15:08:18,42.9,0.0,Auto,0.0
2026-06-18 15:08:18,42.9,0.0,Auto,0.0
2026-06-18 15:08:19,42.9,0.0,Auto,0.0
2026-06-18 15:08:19,42.9,0.0,Auto,0.0
2026-06-18 15:08:20,42.9,0.0,Auto,0.0
2026-06-18 15:08:20,42.9,0.0,Auto,0.0
2026-06-18 15:08:21,42.9,0.0,Auto,0.0
2026-06-18 15:08:21,42.9,0.0,Auto,0.0
2026-06-18 15:08:22,42.9,0.0,Auto,0.0
2026-06-18 15:08:22,42.9,0.0,Auto,0.0
2026-06-18 15:08:23,42.9,0.0,Auto,0.0
2026-06-18 15:08:23,42.9,0.0,Auto,0.0
2026-06-18 15:08:24,42.9,0.0,Auto,0.0
2026-06-18 15:08:24,42.9,0.0,Auto,0.0
2026-06-18 15:08:25,42.9,0.0,Auto,0.0
2026-06-18 15:08:25,42.9,0.0,Auto,0.0
2026-06-18 15:08:26,42.9,0.0,Auto,0.0
2026-06-18 15:08:26,42.9,0.0,Auto,0.0
2026-06-18 15:08:27,42.9,0.0,Auto,0.0
2026-06-18 15:08:27,42.9,0.0,Auto,0.0
2026-06-18 15:08:28,42.9,0.0,Auto,0.0
2026-06-18 15:08:28,42.9,0.0,Auto,0.0
2026-06-18 15:08:29,42.9,0.0,Auto,0.0
2026-06-18 15:08:29,42.9,0.0,Auto,0.0
2026-06-18 15:08:30,42.9,0.0,Auto,0.0
2026-06-18 15:08:30,42.9,0.0,Auto,0.0
2026-06-18 15:08:31,42.9,0.0,Auto,0.0
2026-06-18 15:08:31,42.9,0.0,Auto,0.0
2026-06-18 15:08:32,42.9,0.0,Auto,0.0
2026-06-18 15:08:32,42.9,0.0,Auto,0.0
2026-06-18 15:08:33,42.9,0.0,Auto,0.0
2026-06-18 15:08:33,42.9,0.0,Auto,0.0
2026-06-18 15:08:34,42.9,0.0,Auto,0.0
2026-06-18 15:08:34,42.9,0.0,Auto,0.0
2026-06-18 15:08:35,42.9,0.0,Auto,0.0
2026-06-18 15:08:35,42.9,0.0,Auto,0.0
2026-06-18 15:08:36,42.9,0.0,Auto,0.0
2026-06-18 15:08:36,42.9,0.0,Auto,0.0
2026-06-18 15:08:37,42.9,0.0,Auto,0.0
2026-06-18 15:08:37,42.9,0.0,Auto,0.0
2026-06-18 15:08:38,42.9,0.0,Auto,0.0
2026-06-18 15:08:38,42.9,0.0,Auto,0.0
2026-06-18 15:08:39,42.9,0.0,Auto,0.0
2026-06-18 15:08:39,42.9,0.0,Auto,0.0
2026-06-18 15:08:40,42.9,0.0,Auto,0.0
2026-06-18 15:08:40,42.9,0.0,Auto,0.0
2026-06-18 15:08:41,42.9,0.0,Auto,0.0
2026-06-18 15:08:41,42.9,0.0,Auto,0.0
2026-06-18 15:08:42,42.9,0.0,Auto,0.0
2026-06-18 15:08:42,42.9,0.0,Auto,0.0
2026-06-18 15:08:43,42.9,0.0,Auto,0.0
2026-06-18 15:08:43,42.9,0.0,Auto,0.0
2026-06-18 15:08:44,42.9,0.0,Auto,0.0
2026-06-18 15:08:44,42.9,0.0,Auto,0.0
2026-06-18 15:08:45,42.9,0.0,Auto,0.0
2026-06-18 15:08:45,42.9,0.0,Auto,0.0
2026-06-18 15:08:46,42.9,0.0,Auto,0.0
2026-06-18 15:08:46,42.9,0.0,Auto,0.0
2026-06-18 15:08:47,42.9,0.0,Auto,0.0
2026-06-18 15:08:47,42.9,0.0,Auto,0.0
2026-06-18 15:08:48,42.9,0.0,Auto,0.0
2026-06-18 15:08:48,42.9,0.0,Auto,0.0
2026-06-18 15:08:49,42.9,0.0,Auto,0.0
2026-06-18 15:08:49,42.9,0.0,Auto,0.0
2026-06-18 15:08:50,42.9,0.0,Auto,0.0
2026-06-18 15:08:50,42.9,0.0,Auto,0.0
2026-06-18 15:08:51,42.9,0.0,Auto,0.0
2026-06-18 15:08:51,42.9,0.0,Auto,0.0
2026-06-18 15:08:52,42.9,0.0,Auto,0.0
2026-06-18 15:08:52,42.9,0.0,Auto,0.0
2026-06-18 15:08:53,42.9,0.0,Auto,0.0
2026-06-18 15:08:53,42.9,0.0,Auto,0.0
2026-06-18 15:08:54,42.9,0.0,Auto,0.0
2026-06-18 15:08:54,42.9,0.0,Auto,0.0
2026-06-18 15:08:55,42.9,0.0,Auto,0.0
2026-06-18 15:08:55,42.9,0.0,Auto,0.0
2026-06-18 15:08:56,42.9,0.0,Auto,0.0
2026-06-18 15:08:56,42.9,0.0,Auto,0.0
2026-06-18 15:08:57,42.9,0.0,Auto,0.0
2026-06-18 15:08:57,42.9,0.0,Auto,0.0
2026-06-18 15:08:58,42.9,0.0,Auto,0.0
2026-06-18 15:08:58,42.9,0.0,Auto,0.0
2026-06-18 15:08:59,42.9,0.0,Auto,0.0
2026-06-18 15:08:59,42.9,0.0,Auto,0.0
2026-06-18 15:09:00,42.9,0.0,Auto,0.0
2026-06-18 15:09:00,42.9,0.0,Auto,0.0
2026-06-18 15:09:01,42.9,0.0,Auto,0.0
2026-06-18 15:09:01,42.9,0.0,Auto,0.0
2026-06-18 15:09:02,42.9,0.0,Auto,0.0
2026-06-18 15:09:02,42.9,0.0,Auto,0.0
2026-06-18 15:09:03,42.9,0.0,Auto,0.0
2026-06-18 15:09:03,42.9,0.0,Auto,0.0
2026-06-18 15:09:04,42.9,0.0,Auto,0.0
2026-06-18 15:09:04,42.9,0.0,Auto,0.0
2026-06-18 15:09:05,42.9,0.0,Auto,0.0
2026-06-18 15:09:05,42.9,0.0,Auto,0.0
2026-06-18 15:09:06,42.9,0.0,Auto,0.0
2026-06-18 15:09:06,42.9,0.0,Auto,0.0
2026-06-18 15:09:07,42.9,0.0,Auto,0.0
2026-06-18 15:09:07,42.9,0.0,Auto,0.0
2026-06-18 15:09:08,42.9,0.0,Auto,0.0
2026-06-18 15:09:08,42.9,0.0,Auto,0.0
2026-06-18 15:09:09,42.9,0.0,Auto,0.0
2026-06-18 15:09:09,42.9,0.0,Auto,0.0
2026-06-18 15:09:10,42.9,0.0,Auto,0.0
2026-06-18 15:09:10,42.9,0.0,Auto,0.0
2026-06-18 15:09:11,42.9,0.0,Auto,0.0
2026-06-18 15:09:11,42.9,0.0,Auto,0.0
2026-06-18 15:09:12,42.9,0.0,Auto,0.0
2026-06-18 15:09:12,42.9,0.0,Auto,0.0
2026-06-18 15:09:13,42.9,0.0,Auto,0.0
2026-06-18 15:09:13,42.9,0.0,Auto,0.0
2026-06-18 15:09:14,42.9,0.0,Auto,0.0
2026-06-18 15:09:14,42.9,0.0,Auto,0.0
2026-06-18 15:09:15,42.9,0.0,Auto,0.0
2026-06-18 15:09:15,42.9,0.0,Auto,0.0
2026-06-18 15:09:16,42.9,0.0,Auto,0.0
2026-06-18 15:09:16,42.9,0.0,Auto,0.0
2026-06-18 15:09:17,42.9,0.0,Auto,0.0
2026-06-18 15:09:17,42.9,0.0,Auto,0.0
2026-06-18 15:09:18,42.9,0.0,Auto,0.0
2026-06-18 15:09:18,42.9,0.0,Auto,0.0
2026-06-18 15:09:19,42.9,0.0,Auto,0.0
2026-06-18 15:09:19,42.9,0.0,Auto,0.0
2026-06-18 15:09:20,42.9,0.0,Auto,0.0
2026-06-18 15:09:20,42.9,0.0,Auto,0.0
2026-06-18 15:09:21,42.9,0.0,Auto,0.0
2026-06-18 15:09:21,42.9,0.0,Auto,0.0
2026-06-18 15:09:22,42.9,0.0,Auto,0.0
2026-06-18 15:09:22,42.9,0.0,Auto,0.0
2026-06-18 15:09:23,42.9,0.0,Auto,0.0
2026-06-18 15:09:23,42.9,0.0,Auto,0.0
2026-06-18 15:09:24,42.9,0.0,Auto,0.0
2026-06-18 15:09:24,42.9,0.0,Auto,0.0
2026-06-18 15:09:25,42.9,0.0,Auto,0.0
2026-06-18 15:09:25,42.9,0.0,Auto,0.0
2026-06-18 15:09:26,42.9,0.0,Auto,0.0
2026-06-18 15:09:26,42.9,0.0,Auto,0.0
2026-06-18 15:09:27,42.9,0.0,Auto,0.0
2026-06-18 15:09:27,42.9,0.0,Auto,0.0
2026-06-18 15:09:28,42.9,0.0,Auto,0.0
2026-06-18 15:09:28,42.9,0.0,Auto,0.0
2026-06-18 15:09:29,42.9,0.0,Auto,0.0
2026-06-18 15:09:29,42.9,0.0,Auto,0.0
2026-06-18 15:09:30,42.9,0.0,Auto,0.0
2026-06-18 15:09:30,42.9,0.0,Auto,0.0
2026-06-18 15:09:31,42.9,0.0,Auto,0.0
2026-06-18 15:09:31,42.9,0.0,Auto,0.0
2026-06-18 15:09:32,42.9,0.0,Auto,0.0
2026-06-18 15:09:32,42.9,0.0,Auto,0.0
2026-06-18 15:09:33,42.9,0.0,Auto,0.0
2026-06-18 15:09:33,42.9,0.0,Auto,0.0
2026-06-18 15:09:34,42.9,0.0,Auto,0.0
2026-06-18 15:09:34,42.9,0.0,Auto,0.0
2026-06-18 15:09:35,42.9,0.0,Auto,0.0
2026-06-18 15:09:35,42.9,0.0,Auto,0.0
2026-06-18 15:09:36,42.9,0.0,Auto,0.0
2026-06-18 15:09:36,42.9,0.0,Auto,0.0
2026-06-18 15:09:37,42.9,0.0,Auto,0.0
2026-06-18 15:09:37,42.9,0.0,Auto,0.0
2026-06-18 15:09:38,42.9,0.0,Auto,0.0
2026-06-18 15:09:38,42.9,0.0,Auto,0.0
2026-06-18 15:09:39,42.9,0.0,Auto,0.0
2026-06-18 15:09:39,42.9,0.0,Auto,0.0
2026-06-18 15:09:40,42.9,0.0,Auto,0.0
2026-06-18 15:09:40,42.9,0.0,Auto,0.0
2026-06-18 15:09:41,42.9,0.0,Auto,0.0
2026-06-18 15:09:41,42.9,0.0,Auto,0.0
2026-06-18 15:09:42,42.9,0.0,Auto,0.0
2026-06-18 15:09:42,42.9,0.0,Auto,0.0
2026-06-18 15:09:43,42.9,0.0,Auto,0.0
2026-06-18 15:09:43,42.9,0.0,Auto,0.0
2026-06-18 15:09:44,42.9,0.0,Auto,0.0
2026-06-18 15:09:44,42.9,0.0,Auto,0.0
2026-06-18 15:09:45,42.9,0.0,Auto,0.0
2026-06-18 15:09:45,42.9,0.0,Auto,0.0
2026-06-18 15:09:46,42.9,0.0,Auto,0.0
2026-06-18 15:09:46,42.9,0.0,Auto,0.0
2026-06-18 15:09:47,42.9,0.0,Auto,0.0
2026-06-18 15:09:47,42.9,0.0,Auto,0.0
2026-06-18 15:09:48,42.9,0.0,Auto,0.0
2026-06-18 15:09:48,42.9,0.0,Auto,0.0
2026-06-18 15:09:49,42.9,0.0,Auto,0.0
2026-06-18 15:09:49,42.9,0.0,Auto,0.0
2026-06-18 15:09:50,42.9,0.0,Auto,0.0
2026-06-18 15:09:50,42.9,0.0,Auto,0.0
2026-06-18 15:09:51,42.9,0.0,Auto,0.0
2026-06-18 15:09:51,42.9,0.0,Auto,0.0
2026-06-18 15:09:52,42.9,0.0,Auto,0.0
2026-06-18 15:09:52,42.9,0.0,Auto,0.0
2026-06-18 15:09:53,42.9,0.0,Auto,0.0
2026-06-18 15:09:53,42.9,0.0,Auto,0.0
2026-06-18 15:09:54,42.9,0.0,Auto,0.0
2026-06-18 15:09:54,42.9,0.0,Auto,0.0
2026-06-18 15:09:55,42.9,0.0,Auto,0.0
2026-06-18 15:09:55,42.9,0.0,Auto,0.0
2026-06-18 15:09:56,42.9,0.0,Auto,0.0
2026-06-18 15:09:56,42.9,0.0,Auto,0.0
2026-06-18 15:09:57,42.9,0.0,Auto,0.0
2026-06-18 15:09:57,42.9,0.0,Auto,0.0
2026-06-18 15:09:58,42.9,0.0,Auto,0.0
2026-06-18 15:09:58,42.9,0.0,Auto,0.0
2026-06-18 15:09:59,42.9,0.0,Auto,0.0
2026-06-18 15:09:59,42.9,0.0,Auto,0.0
2026-06-18 15:10:00,42.9,0.0,Auto,0.0
2026-06-18 15:10:00,42.9,0.0,Auto,0.0
2026-06-18 15:10:01,42.9,0.0,Auto,0.0
2026-06-18 15:10:01,42.9,0.0,Auto,0.0
2026-06-18 15:10:02,42.9,0.0,Auto,0.0
2026-06-18 15:10:02,42.9,0.0,Auto,0.0
2026-06-18 15:10:03,42.9,0.0,Auto,0.0
2026-06-18 15:10:03,42.9,0.0,Auto,0.0
2026-06-18 15:10:04,42.9,0.0,Auto,0.0
2026-06-18 15:10:04,42.9,0.0,Auto,0.0
2026-06-18 15:10:05,42.9,0.0,Auto,0.0
2026-06-18 15:10:05,42.9,0.0,Auto,0.0
2026-06-18 15:10:06,42.9,0.0,Auto,0.0
2026-06-18 15:10:06,42.9,0.0,Auto,0.0
2026-06-18 15:10:07,42.9,0.0,Auto,0.0
2026-06-18 15:10:07,42.9,0.0,Auto,0.0
2026-06-18 15:10:08,42.86,0.0,Manual,8.966666666666667
2026-06-18 15:10:08,42.86,0.0,Auto,0.0
2026-06-18 15:10:08,42.86,0.0,Auto,0.0
2026-06-18 15:10:09,42.86,0.0,Auto,0.0
2026-06-18 15:10:09,42.86,0.0,Auto,0.0
2026-06-18 15:10:10,42.86,0.0,Auto,0.0
2026-06-18 15:10:10,42.86,0.0,Auto,0.0
2026-06-18 15:10:11,42.86,0.0,Auto,0.0
2026-06-18 15:10:11,42.86,0.0,Auto,0.0
2026-06-18 15:10:12,42.86,0.0,Auto,0.0
2026-06-18 15:10:12,42.86,0.0,Auto,0.0
2026-06-18 15:10:13,42.86,0.0,Auto,0.0
2026-06-18 15:10:13,42.86,0.0,Auto,0.0
2026-06-18 15:10:14,42.86,0.0,Auto,0.0
2026-06-18 15:10:14,42.86,0.0,Auto,0.0
2026-06-18 15:10:15,42.86,0.0,Auto,0.0
2026-06-18 15:10:15,42.86,0.0,Auto,0.0
2026-06-18 15:10:16,42.86,0.0,Auto,0.0
2026-06-18 15:10:16,42.86,0.0,Auto,0.0
2026-06-18 15:10:17,42.86,0.0,Auto,0.0
2026-06-18 15:10:17,42.86,0.0,Auto,0.0
2026-06-18 15:10:18,42.86,0.0,Auto,0.0
2026-06-18 15:10:18,42.86,0.0,Auto,0.0
2026-06-18 15:10:19,42.86,0.0,Auto,0.0
2026-06-18 15:10:19,42.86,0.0,Auto,0.0
2026-06-18 15:10:20,42.86,0.0,Auto,0.0
2026-06-18 15:10:20,42.86,0.0,Auto,0.0
2026-06-18 15:10:21,42.86,0.0,Auto,0.0
2026-06-18 15:10:21,42.86,0.0,Auto,0.0
2026-06-18 15:10:22,42.86,0.0,Auto,0.0
2026-06-18 15:10:22,42.86,0.0,Auto,0.0
2026-06-18 15:10:23,42.86,0.0,Auto,0.0
2026-06-18 15:10:23,42.86,0.0,Auto,0.0
2026-06-18 15:10:24,42.86,0.0,Auto,0.0
2026-06-18 15:10:24,42.86,0.0,Auto,0.0
2026-06-18 15:10:25,42.86,0.0,Auto,0.0
2026-06-18 15:10:25,42.86,0.0,Auto,0.0
2026-06-18 15:10:26,42.86,0.0,Auto,0.0
2026-06-18 15:10:26,42.86,0.0,Auto,0.0
2026-06-18 15:10:27,42.86,0.0,Auto,0.0
2026-06-18 15:10:27,42.86,0.0,Auto,0.0
2026-06-18 15:10:28,42.86,0.0,Auto,0.0
2026-06-18 15:10:28,42.86,0.0,Auto,0.0
2026-06-18 15:10:29,42.86,0.0,Auto,0.0
2026-06-18 15:10:29,42.86,0.0,Auto,0.0
2026-06-18 15:10:30,42.86,0.0,Auto,0.0
2026-06-18 15:10:30,42.86,0.0,Auto,0.0
2026-06-18 15:10:31,42.86,0.0,Auto,0.0
2026-06-18 15:10:31,42.86,0.0,Auto,0.0
2026-06-18 15:10:32,42.86,0.0,Auto,0.0
2026-06-18 15:10:32,42.86,0.0,Auto,0.0
2026-06-18 15:10:33,42.86,0.0,Auto,0.0
2026-06-18 15:10:33,42.86,0.0,Auto,0.0
2026-06-18 15:10:34,42.86,0.0,Auto,0.0
2026-06-18 15:10:34,42.86,0.0,Auto,0.0
2026-06-18 15:10:35,42.86,0.0,Auto,0.0
2026-06-18 15:10:35,42.86,0.0,Auto,0.0
2026-06-18 15:10:36,42.86,0.0,Auto,0.0
2026-06-18 15:10:36,42.86,0.0,Auto,0.0
2026-06-18 15:10:37,42.86,0.0,Auto,0.0
2026-06-18 15:10:37,42.86,0.0,Auto,0.0
2026-06-18 15:10:38,42.86,0.0,Auto,0.0
2026-06-18 15:10:38,42.86,0.0,Auto,0.0
2026-06-18 15:10:39,42.86,0.0,Auto,0.0
2026-06-18 15:10:39,42.86,0.0,Auto,0.0
2026-06-18 15:10:40,42.86,0.0,Auto,0.0
2026-06-18 15:10:40,42.86,0.0,Auto,0.0
2026-06-18 15:10:41,42.86,0.0,Auto,0.0
2026-06-18 15:10:41,42.86,0.0,Auto,0.0
2026-06-18 15:10:42,42.86,0.0,Auto,0.0
2026-06-18 15:10:42,42.86,0.0,Auto,0.0
2026-06-18 15:10:43,42.86,0.0,Auto,0.0
2026-06-18 15:10:43,42.86,0.0,Auto,0.0
2026-06-18 15:10:44,42.86,0.0,Auto,0.0
2026-06-18 15:10:44,42.86,0.0,Auto,0.0
2026-06-18 15:10:45,42.86,0.0,Auto,0.0
2026-06-18 15:10:45,42.86,0.0,Auto,0.0
2026-06-18 15:10:46,42.86,0.0,Auto,0.0
2026-06-18 15:10:46,42.86,0.0,Auto,0.0
2026-06-18 15:10:47,42.86,0.0,Auto,0.0
2026-06-18 15:10:47,42.86,0.0,Auto,0.0
2026-06-18 15:10:48,42.86,0.0,Auto,0.0
2026-06-18 15:10:48,42.86,0.0,Auto,0.0
2026-06-18 15:10:49,42.86,0.0,Auto,0.0
2026-06-18 15:10:49,42.86,0.0,Auto,0.0
2026-06-18 15:10:50,42.86,0.0,Auto,0.0
2026-06-18 15:10:50,42.86,0.0,Auto,0.0
2026-06-18 15:10:51,42.86,0.0,Auto,0.0
2026-06-18 15:10:51,42.86,0.0,Auto,0.0
2026-06-18 15:10:52,42.86,0.0,Auto,0.0
2026-06-18 15:10:52,42.86,0.0,Auto,0.0
2026-06-18 15:10:53,42.86,0.0,Auto,0.0
2026-06-18 15:10:53,42.86,0.0,Auto,0.0
2026-06-18 15:10:54,42.86,0.0,Auto,0.0
2026-06-18 15:10:54,42.86,0.0,Auto,0.0
2026-06-18 15:10:55,42.86,0.0,Auto,0.0
2026-06-18 15:10:55,42.86,0.0,Auto,0.0
2026-06-18 15:10:56,42.86,0.0,Auto,0.0
2026-06-18 15:10:56,42.86,0.0,Auto,0.0
2026-06-18 15:10:57,42.86,0.0,Auto,0.0
2026-06-18 15:10:57,42.86,0.0,Auto,0.0
2026-06-18 15:10:58,42.86,0.0,Auto,0.0
2026-06-18 15:10:58,42.86,0.0,Auto,0.0
2026-06-18 15:10:59,42.86,0.0,Auto,0.0
2026-06-18 15:10:59,42.86,0.0,Auto,0.0
2026-06-18 15:11:00,42.86,0.0,Auto,0.0
2026-06-18 15:11:00,42.86,0.0,Auto,0.0
2026-06-18 15:11:01,42.86,0.0,Auto,0.0
2026-06-18 15:11:01,42.86,0.0,Auto,0.0
2026-06-18 15:11:02,42.86,0.0,Auto,0.0
2026-06-18 15:11:02,42.86,0.0,Auto,0.0
2026-06-18 15:11:03,42.86,0.0,Auto,0.0
2026-06-18 15:11:03,42.86,0.0,Auto,0.0
2026-06-18 15:11:04,42.86,0.0,Auto,0.0
2026-06-18 15:11:04,42.86,0.0,Auto,0.0
2026-06-18 15:11:05,42.86,0.0,Auto,0.0
2026-06-18 15:11:05,42.86,0.0,Auto,0.0
2026-06-18 15:11:06,42.86,0.0,Auto,0.0
2026-06-18 15:11:06,42.86,0.0,Auto,0.0
2026-06-18 15:11:07,42.86,0.0,Auto,0.0
2026-06-18 15:11:07,42.86,0.0,Auto,0.0
2026-06-18 15:11:08,42.86,0.0,Auto,0.0
2026-06-18 15:11:08,42.86,0.0,Auto,0.0
2026-06-18 15:11:09,42.86,0.0,Auto,0.0
2026-06-18 15:11:09,42.86,0.0,Auto,0.0
2026-06-18 15:11:10,42.86,0.0,Auto,0.0
2026-06-18 15:11:10,42.86,0.0,Auto,0.0
2026-06-18 15:11:11,42.86,0.0,Auto,0.0
2026-06-18 15:11:11,42.86,0.0,Auto,0.0
2026-06-18 15:11:12,42.86,0.0,Auto,0.0
2026-06-18 15:11:12,42.86,0.0,Auto,0.0
2026-06-18 15:11:13,42.86,0.0,Auto,0.0
2026-06-18 15:11:13,42.86,0.0,Auto,0.0
2026-06-18 15:11:14,42.86,0.0,Auto,0.0
2026-06-18 15:11:14,42.86,0.0,Auto,0.0
2026-06-18 15:11:15,42.86,0.0,Auto,0.0
2026-06-18 15:11:15,42.86,0.0,Auto,0.0
2026-06-18 15:11:16,42.86,0.0,Auto,0.0
2026-06-18 15:11:16,42.86,0.0,Auto,0.0
2026-06-18 15:11:17,42.86,0.0,Auto,0.0
2026-06-18 15:11:17,42.86,0.0,Auto,0.0
2026-06-18 15:11:18,42.86,0.0,Auto,0.0
2026-06-18 15:11:18,42.86,0.0,Auto,0.0
2026-06-18 15:11:19,42.86,0.0,Auto,0.0
2026-06-18 15:11:19,42.86,0.0,Auto,0.0
2026-06-18 15:11:20,42.86,0.0,Auto,0.0
2026-06-18 15:11:20,42.86,0.0,Auto,0.0
2026-06-18 15:11:21,42.86,0.0,Auto,0.0
2026-06-18 15:11:21,42.86,0.0,Auto,0.0
2026-06-18 15:11:22,42.86,0.0,Auto,0.0
2026-06-18 15:11:22,42.86,0.0,Auto,0.0
2026-06-18 15:11:23,42.86,0.0,Auto,0.0
2026-06-18 15:11:23,42.86,0.0,Auto,0.0
2026-06-18 15:11:24,42.86,0.0,Auto,0.0
2026-06-18 15:11:24,42.86,0.0,Auto,0.0
2026-06-18 15:11:25,42.86,0.0,Auto,0.0
2026-06-18 15:11:25,42.86,0.0,Auto,0.0
2026-06-18 15:11:26,42.86,0.0,Auto,0.0
2026-06-18 15:11:26,42.86,0.0,Auto,0.0
2026-06-18 15:11:27,42.86,0.0,Auto,0.0
2026-06-18 15:11:27,42.86,0.0,Auto,0.0
2026-06-18 15:11:28,42.86,0.0,Auto,0.0
2026-06-18 15:11:28,42.86,0.0,Auto,0.0
2026-06-18 15:11:29,42.86,0.0,Auto,0.0
2026-06-18 15:11:29,42.86,0.0,Auto,0.0
2026-06-18 15:11:30,42.86,0.0,Auto,0.0
2026-06-18 15:11:30,42.86,0.0,Auto,0.0
2026-06-18 15:11:31,42.86,0.0,Auto,0.0
2026-06-18 15:11:31,42.86,0.0,Auto,0.0
2026-06-18 15:11:32,42.86,0.0,Auto,0.0
2026-06-18 15:11:32,42.86,0.0,Auto,0.0
2026-06-18 15:11:33,42.86,0.0,Auto,0.0
2026-06-18 15:11:33,42.86,0.0,Auto,0.0
2026-06-18 15:11:34,42.86,0.0,Auto,0.0
2026-06-18 15:11:34,42.86,0.0,Auto,0.0
2026-06-18 15:11:35,42.86,0.0,Auto,0.0
2026-06-18 15:11:35,42.86,0.0,Auto,0.0
2026-06-18 15:11:36,42.86,0.0,Auto,0.0
2026-06-18 15:11:36,42.86,0.0,Auto,0.0
2026-06-18 15:11:37,42.86,0.0,Auto,0.0
2026-06-18 15:11:37,42.86,0.0,Auto,0.0
2026-06-18 15:11:38,42.86,0.0,Auto,0.0
2026-06-18 15:11:38,42.86,0.0,Auto,0.0
2026-06-18 15:11:39,42.86,0.0,Auto,0.0
2026-06-18 15:11:39,42.86,0.0,Auto,0.0
2026-06-18 15:11:40,42.86,0.0,Auto,0.0
2026-06-18 15:11:40,42.86,0.0,Auto,0.0
2026-06-18 15:11:41,42.86,0.0,Auto,0.0
2026-06-18 15:11:41,42.86,0.0,Auto,0.0
2026-06-18 15:11:42,42.86,0.0,Auto,0.0
2026-06-18 15:11:42,42.86,0.0,Auto,0.0
2026-06-18 15:11:43,42.86,0.0,Auto,0.0
2026-06-18 15:11:43,42.86,0.0,Auto,0.0
2026-06-18 15:11:44,42.86,0.0,Auto,0.0
2026-06-18 15:11:44,42.86,0.0,Auto,0.0
2026-06-18 15:11:45,42.86,0.0,Auto,0.0
2026-06-18 15:11:45,42.86,0.0,Auto,0.0
2026-06-18 15:11:46,42.86,0.0,Auto,0.0
2026-06-18 15:11:46,42.86,0.0,Auto,0.0
2026-06-18 15:11:47,42.86,0.0,Auto,0.0
2026-06-18 15:11:47,42.86,0.0,Auto,0.0
2026-06-18 15:11:48,42.86,0.0,Auto,0.0
2026-06-18 15:11:48,42.86,0.0,Auto,0.0
2026-06-18 15:11:49,42.86,0.0,Auto,0.0
2026-06-18 15:11:49,42.86,0.0,Auto,0.0
2026-06-18 15:11:50,42.86,0.0,Auto,0.0
2026-06-18 15:11:50,42.86,0.0,Auto,0.0
2026-06-18 15:11:51,42.86,0.0,Auto,0.0
2026-06-18 15:11:51,42.86,0.0,Auto,0.0
2026-06-18 15:11:52,42.86,0.0,Auto,0.0
2026-06-18 15:11:52,42.86,0.0,Auto,0.0
2026-06-18 15:11:53,42.86,0.0,Auto,0.0
2026-06-18 15:11:53,42.86,0.0,Auto,0.0
2026-06-18 15:11:54,42.86,0.0,Auto,0.0
2026-06-18 15:11:54,42.86,0.0,Auto,0.0
2026-06-18 15:11:55,42.86,0.0,Auto,0.0
2026-06-18 15:11:55,42.86,0.0,Auto,0.0
2026-06-18 15:11:56,42.86,0.0,Auto,0.0
2026-06-18 15:11:56,42.86,0.0,Auto,0.0
2026-06-18 15:11:57,42.86,0.0,Auto,0.0
2026-06-18 15:11:57,42.86,0.0,Auto,0.0
2026-06-18 15:11:58,42.86,0.0,Auto,0.0
2026-06-18 15:11:58,42.86,0.0,Auto,0.0
2026-06-18 15:11:59,42.86,0.0,Auto,0.0
2026-06-18 15:11:59,42.86,0.0,Auto,0.0
2026-06-18 15:12:00,42.86,0.0,Auto,0.0
2026-06-18 15:12:00,42.86,0.0,Auto,0.0
2026-06-18 15:12:01,42.86,0.0,Auto,0.0
2026-06-18 15:12:01,42.86,0.0,Auto,0.0
2026-06-18 15:12:02,42.86,0.0,Auto,0.0
2026-06-18 15:12:02,42.86,0.0,Auto,0.0
2026-06-18 15:12:03,42.86,0.0,Auto,0.0
2026-06-18 15:12:03,42.86,0.0,Auto,0.0
2026-06-18 15:12:04,42.86,0.0,Auto,0.0
2026-06-18 15:12:04,42.86,0.0,Auto,0.0
2026-06-18 15:12:05,42.86,0.0,Auto,0.0
2026-06-18 15:12:05,42.86,0.0,Auto,0.0
2026-06-18 15:12:06,42.86,0.0,Auto,0.0
2026-06-18 15:12:06,42.86,0.0,Auto,0.0
2026-06-18 15:12:07,42.86,0.0,Auto,0.0
2026-06-18 15:12:07,42.86,0.0,Auto,0.0
2026-06-18 15:12:08,42.86,0.0,Auto,0.0
2026-06-18 15:12:08,42.86,0.0,Auto,0.0
2026-06-18 15:12:09,42.86,0.0,Auto,0.0
2026-06-18 15:12:09,42.86,0.0,Auto,0.0
2026-06-18 15:12:10,42.86,0.0,Auto,0.0
2026-06-18 15:12:10,42.86,0.0,Auto,0.0
2026-06-18 15:12:11,42.86,0.0,Auto,0.0
2026-06-18 15:12:11,42.86,0.0,Auto,0.0
2026-06-18 15:12:12,42.86,0.0,Auto,0.0
2026-06-18 15:12:12,42.86,0.0,Auto,0.0
2026-06-18 15:12:13,42.86,0.0,Auto,0.0
2026-06-18 15:12:13,42.86,0.0,Auto,0.0
2026-06-18 15:12:14,42.86,0.0,Auto,0.0
2026-06-18 15:12:15,42.86,0.0,Auto,0.0
2026-06-18 15:12:15,42.86,0.0,Auto,0.0
2026-06-18 15:12:15,42.86,0.0,Auto,0.0
2026-06-18 15:12:16,42.86,0.0,Auto,0.0
2026-06-18 15:12:17,42.86,0.0,Auto,0.0
2026-06-18 15:12:17,42.86,0.0,Auto,0.0
2026-06-18 15:12:18,42.86,0.0,Auto,0.0
2026-06-18 15:12:18,42.86,0.0,Auto,0.0
2026-06-18 15:12:19,42.86,0.0,Auto,0.0
2026-06-18 15:12:19,42.86,0.0,Auto,0.0
2026-06-18 15:12:20,42.86,0.0,Auto,0.0
2026-06-18 15:12:20,42.86,0.0,Auto,0.0
2026-06-18 15:12:21,42.86,0.0,Auto,0.0
2026-06-18 15:12:21,42.86,0.0,Auto,0.0
2026-06-18 15:12:22,42.86,0.0,Auto,0.0
2026-06-18 15:12:22,42.86,0.0,Auto,0.0
2026-06-18 15:12:23,42.86,0.0,Auto,0.0
2026-06-18 15:12:23,42.86,0.0,Auto,0.0
2026-06-18 15:12:24,42.86,0.0,Auto,0.0
2026-06-18 15:12:24,42.86,0.0,Auto,0.0
2026-06-18 15:12:25,42.86,0.0,Auto,0.0
2026-06-18 15:12:25,42.86,0.0,Auto,0.0
2026-06-18 15:12:26,42.86,0.0,Auto,0.0
2026-06-18 15:12:26,42.86,0.0,Auto,0.0
2026-06-18 15:12:27,42.86,0.0,Auto,0.0
2026-06-18 15:12:27,42.86,0.0,Auto,0.0
2026-06-18 15:12:28,42.86,0.0,Auto,0.0
2026-06-18 15:12:28,42.86,0.0,Auto,0.0
2026-06-18 15:12:29,42.86,0.0,Auto,0.0
2026-06-18 15:12:29,42.86,0.0,Auto,0.0
2026-06-18 15:12:30,42.86,0.0,Auto,0.0
2026-06-18 15:12:30,42.86,0.0,Auto,0.0
2026-06-18 15:12:31,42.86,0.0,Auto,0.0
2026-06-18 15:12:31,42.86,0.0,Auto,0.0
2026-06-18 15:12:32,42.86,0.0,Auto,0.0
2026-06-18 15:12:32,42.86,0.0,Auto,0.0
2026-06-18 15:12:33,42.86,0.0,Auto,0.0
2026-06-18 15:12:33,42.86,0.0,Auto,0.0
2026-06-18 15:12:34,42.86,0.0,Auto,0.0
2026-06-18 15:12:34,42.86,0.0,Auto,0.0
2026-06-18 15:12:35,42.86,0.0,Auto,0.0
2026-06-18 15:12:35,42.86,0.0,Auto,0.0
2026-06-18 15:12:36,42.86,0.0,Auto,0.0
2026-06-18 15:12:36,42.86,0.0,Auto,0.0
2026-06-18 15:12:37,42.86,0.0,Auto,0.0
2026-06-18 15:12:37,42.86,0.0,Auto,0.0
2026-06-18 15:12:38,42.86,0.0,Auto,0.0
2026-06-18 15:12:38,42.86,0.0,Auto,0.0
2026-06-18 15:12:39,42.86,0.0,Auto,0.0
2026-06-18 15:12:39,42.86,0.0,Auto,0.0
2026-06-18 15:12:40,42.86,0.0,Auto,0.0
2026-06-18 15:12:40,42.86,0.0,Auto,0.0
2026-06-18 15:12:41,42.86,0.0,Auto,0.0
2026-06-18 15:12:41,42.86,0.0,Auto,0.0
2026-06-18 15:12:42,42.86,0.0,Auto,0.0
2026-06-18 15:12:42,42.86,0.0,Auto,0.0
2026-06-18 15:12:43,42.86,0.0,Auto,0.0
2026-06-18 15:12:43,42.86,0.0,Auto,0.0
2026-06-18 15:12:44,42.86,0.0,Auto,0.0
2026-06-18 15:12:44,42.86,0.0,Auto,0.0
2026-06-18 15:12:45,42.86,0.0,Auto,0.0
2026-06-18 15:12:45,42.86,0.0,Auto,0.0
2026-06-18 15:12:46,42.86,0.0,Auto,0.0
2026-06-18 15:12:46,42.86,0.0,Auto,0.0
2026-06-18 15:12:46,42.86,0.0,Auto,0.0
2026-06-18 15:12:47,42.86,0.0,Auto,0.0
2026-06-18 15:12:48,42.86,0.0,Auto,0.0
2026-06-18 15:12:48,42.86,0.0,Auto,0.0
2026-06-18 15:12:49,42.86,0.0,Auto,0.0
2026-06-18 15:12:49,42.86,0.0,Auto,0.0
2026-06-18 15:12:50,42.86,0.0,Auto,0.0
2026-06-18 15:12:50,42.86,0.0,Auto,0.0
2026-06-18 15:12:50,42.86,0.0,Auto,0.0
2026-06-18 15:12:51,42.86,0.0,Auto,0.0
2026-06-18 15:12:52,42.86,0.0,Auto,0.0
2026-06-18 15:12:52,42.86,0.0,Auto,0.0
2026-06-18 15:12:53,42.86,0.0,Auto,0.0
2026-06-18 15:12:53,42.86,0.0,Auto,0.0
2026-06-18 15:12:54,42.86,0.0,Auto,0.0
2026-06-18 15:12:54,42.86,0.0,Auto,0.0
2026-06-18 15:12:55,42.86,0.0,Auto,0.0
2026-06-18 15:12:55,42.86,0.0,Auto,0.0
2026-06-18 15:12:56,42.86,0.0,Auto,0.0
2026-06-18 15:12:56,42.86,0.0,Auto,0.0
2026-06-18 15:12:57,42.86,0.0,Auto,0.0
2026-06-18 15:12:57,42.86,0.0,Auto,0.0
2026-06-18 15:12:58,42.86,0.0,Auto,0.0
2026-06-18 15:12:58,42.86,0.0,Auto,0.0
2026-06-18 15:12:59,42.86,0.0,Auto,0.0
2026-06-18 15:12:59,42.86,0.0,Auto,0.0
2026-06-18 15:13:00,42.86,0.0,Auto,0.0
2026-06-18 15:13:00,42.86,0.0,Auto,0.0
2026-06-18 15:13:00,42.86,0.0,Auto,0.0
2026-06-18 15:13:01,42.86,0.0,Auto,0.0
2026-06-18 15:13:02,42.86,0.0,Auto,0.0
2026-06-18 15:13:02,42.86,0.0,Auto,0.0
2026-06-18 15:13:03,42.86,0.0,Auto,0.0
2026-06-18 15:13:03,42.86,0.0,Auto,0.0
2026-06-18 15:13:04,42.86,0.0,Auto,0.0
2026-06-18 15:13:04,42.86,0.0,Auto,0.0
2026-06-18 15:13:05,42.86,0.0,Auto,0.0
2026-06-18 15:13:05,42.86,0.0,Auto,0.0
2026-06-18 15:13:06,42.86,0.0,Auto,0.0
2026-06-18 15:13:06,42.86,0.0,Auto,0.0
2026-06-18 15:13:07,42.86,0.0,Auto,0.0
2026-06-18 15:13:07,42.86,0.0,Auto,0.0
2026-06-18 15:13:08,42.86,0.0,Auto,0.0
2026-06-18 15:13:08,42.86,0.0,Auto,0.0
2026-06-18 15:13:09,42.86,0.0,Auto,0.0
2026-06-18 15:13:09,42.86,0.0,Auto,0.0
2026-06-18 15:13:10,42.86,0.0,Auto,0.0
2026-06-18 15:13:10,42.86,0.0,Auto,0.0
2026-06-18 15:13:11,42.86,0.0,Auto,0.0
2026-06-18 15:13:11,42.86,0.0,Auto,0.0
2026-06-18 15:13:12,42.86,0.0,Auto,0.0
2026-06-18 15:13:12,42.86,0.0,Auto,0.0
2026-06-18 15:13:13,42.86,0.0,Auto,0.0
2026-06-18 15:13:13,42.86,0.0,Auto,0.0
2026-06-18 15:13:14,42.86,0.0,Auto,0.0
2026-06-18 15:13:14,42.86,0.0,Auto,0.0
2026-06-18 15:13:15,42.86,0.0,Auto,0.0
2026-06-18 15:13:15,42.86,0.0,Auto,0.0
2026-06-18 15:13:16,42.86,0.0,Auto,0.0
2026-06-18 15:13:16,42.86,0.0,Auto,0.0
2026-06-18 15:13:17,42.86,0.0,Auto,0.0
2026-06-18 15:13:17,42.86,0.0,Auto,0.0
2026-06-18 15:13:18,42.86,0.0,Auto,0.0
2026-06-18 15:13:18,42.86,0.0,Auto,0.0
2026-06-18 15:13:19,42.86,0.0,Auto,0.0
2026-06-18 15:13:19,42.86,0.0,Auto,0.0
2026-06-18 15:13:20,42.86,0.0,Auto,0.0
2026-06-18 15:13:20,42.86,0.0,Auto,0.0
2026-06-18 15:13:21,42.86,0.0,Auto,0.0
2026-06-18 15:13:21,42.86,0.0,Auto,0.0
2026-06-18 15:13:22,42.86,0.0,Auto,0.0
2026-06-18 15:13:22,42.86,0.0,Auto,0.0
2026-06-18 15:13:23,42.86,0.0,Auto,0.0
2026-06-18 15:13:23,42.86,0.0,Auto,0.0
2026-06-18 15:13:24,42.86,0.0,Auto,0.0
2026-06-18 15:13:24,42.86,0.0,Auto,0.0
2026-06-18 15:13:25,42.86,0.0,Auto,0.0
2026-06-18 15:13:25,42.86,0.0,Auto,0.0
2026-06-18 15:13:26,42.86,0.0,Auto,0.0
2026-06-18 15:13:26,42.86,0.0,Auto,0.0
2026-06-18 15:13:27,42.86,0.0,Auto,0.0
2026-06-18 15:13:27,42.86,0.0,Auto,0.0
2026-06-18 15:13:28,42.86,0.0,Auto,0.0
2026-06-18 15:13:28,42.86,0.0,Auto,0.0
2026-06-18 15:13:29,42.86,0.0,Auto,0.0
2026-06-18 15:13:29,42.86,0.0,Auto,0.0
2026-06-18 15:13:30,42.86,0.0,Auto,0.0
2026-06-18 15:13:30,42.86,0.0,Auto,0.0
2026-06-18 15:13:31,42.86,0.0,Auto,0.0
2026-06-18 15:13:31,42.86,0.0,Auto,0.0
2026-06-18 15:13:32,42.86,0.0,Auto,0.0
2026-06-18 15:13:32,42.86,0.0,Auto,0.0
2026-06-18 15:13:33,42.86,0.0,Auto,0.0
2026-06-18 15:13:33,42.86,0.0,Auto,0.0
2026-06-18 15:13:34,42.86,0.0,Auto,0.0
2026-06-18 15:13:34,42.86,0.0,Auto,0.0
2026-06-18 15:13:35,42.86,0.0,Auto,0.0
2026-06-18 15:13:35,42.86,0.0,Auto,0.0
2026-06-18 15:13:36,42.86,0.0,Auto,0.0
2026-06-18 15:13:36,42.86,0.0,Auto,0.0
2026-06-18 15:13:37,42.86,0.0,Auto,0.0
2026-06-18 15:13:37,42.86,0.0,Auto,0.0
2026-06-18 15:13:38,42.86,0.0,Auto,0.0
2026-06-18 15:13:38,42.86,0.0,Auto,0.0
2026-06-18 15:13:39,42.86,0.0,Auto,0.0
2026-06-18 15:13:39,42.86,0.0,Auto,0.0
2026-06-18 15:13:40,42.86,0.0,Auto,0.0
2026-06-18 15:13:40,42.86,0.0,Auto,0.0
2026-06-18 15:13:41,42.86,0.0,Auto,0.0
2026-06-18 15:13:41,42.86,0.0,Auto,0.0
2026-06-18 15:13:42,42.86,0.0,Auto,0.0
2026-06-18 15:13:42,42.86,0.0,Auto,0.0
2026-06-18 15:13:43,42.86,0.0,Auto,0.0
2026-06-18 15:13:43,42.86,0.0,Auto,0.0
2026-06-18 15:13:44,42.86,0.0,Auto,0.0
2026-06-18 15:13:44,42.86,0.0,Auto,0.0
2026-06-18 15:13:45,42.86,0.0,Auto,0.0
2026-06-18 15:13:45,42.86,0.0,Auto,0.0
2026-06-18 15:13:46,42.86,0.0,Auto,0.0
2026-06-18 15:13:46,42.86,0.0,Auto,0.0
2026-06-18 15:13:47,42.86,0.0,Auto,0.0
2026-06-18 15:13:47,42.86,0.0,Auto,0.0
2026-06-18 15:13:48,42.86,0.0,Auto,0.0
2026-06-18 15:13:48,42.86,0.0,Auto,0.0
2026-06-18 15:13:49,42.86,0.0,Auto,0.0
2026-06-18 15:13:49,42.86,0.0,Auto,0.0
2026-06-18 15:13:50,42.86,0.0,Auto,0.0
2026-06-18 15:13:50,42.86,0.0,Auto,0.0
2026-06-18 15:13:51,42.86,0.0,Auto,0.0
2026-06-18 15:13:51,42.86,0.0,Auto,0.0
2026-06-18 15:13:52,42.86,0.0,Auto,0.0
2026-06-18 15:13:52,42.86,0.0,Auto,0.0
2026-06-18 15:13:53,42.86,0.0,Auto,0.0
2026-06-18 15:13:53,42.86,0.0,Auto,0.0
2026-06-18 15:13:54,42.86,0.0,Auto,0.0
2026-06-18 15:13:54,42.86,0.0,Auto,0.0
2026-06-18 15:13:55,42.86,0.0,Auto,0.0
2026-06-18 15:13:55,42.86,0.0,Auto,0.0
2026-06-18 15:13:56,42.86,0.0,Auto,0.0
2026-06-18 15:13:56,42.86,0.0,Auto,0.0
2026-06-18 15:13:57,42.86,0.0,Auto,0.0
2026-06-18 15:13:57,42.86,0.0,Auto,0.0
2026-06-18 15:13:58,42.86,0.0,Auto,0.0
2026-06-18 15:13:58,42.86,0.0,Auto,0.0
2026-06-18 15:13:59,42.86,0.0,Auto,0.0
2026-06-18 15:13:59,42.86,0.0,Auto,0.0
2026-06-18 15:14:00,42.86,0.0,Auto,0.0
2026-06-18 15:14:00,42.86,0.0,Auto,0.0
2026-06-18 15:14:01,42.86,0.0,Auto,0.0
2026-06-18 15:14:01,42.86,0.0,Auto,0.0
2026-06-18 15:14:02,42.86,0.0,Auto,0.0
2026-06-18 15:14:02,42.86,0.0,Auto,0.0
2026-06-18 15:14:03,42.86,0.0,Auto,0.0
2026-06-18 15:14:03,42.86,0.0,Auto,0.0
2026-06-18 15:14:04,42.86,0.0,Auto,0.0
2026-06-18 15:14:04,42.86,0.0,Auto,0.0
2026-06-18 15:14:05,42.86,0.0,Auto,0.0
2026-06-18 15:14:05,42.86,0.0,Auto,0.0
2026-06-18 15:14:06,42.86,0.0,Auto,0.0
2026-06-18 15:14:06,42.86,0.0,Auto,0.0
2026-06-18 15:14:07,42.86,0.0,Auto,0.0
2026-06-18 15:14:07,42.86,0.0,Auto,0.0
2026-06-18 15:14:08,42.86,0.0,Auto,0.0
2026-06-18 15:14:08,42.86,0.0,Auto,0.0
2026-06-18 15:14:09,42.86,0.0,Auto,0.0
2026-06-18 15:14:09,42.86,0.0,Auto,0.0
2026-06-18 15:14:10,42.86,0.0,Auto,0.0
2026-06-18 15:14:10,42.86,0.0,Auto,0.0
2026-06-18 15:14:11,42.86,0.0,Auto,0.0
2026-06-18 15:14:11,42.86,0.0,Auto,0.0
2026-06-18 15:14:12,42.86,0.0,Auto,0.0
2026-06-18 15:14:12,42.86,0.0,Auto,0.0
2026-06-18 15:14:13,42.86,0.0,Auto,0.0
2026-06-18 15:14:13,42.86,0.0,Auto,0.0
2026-06-18 15:14:14,42.86,0.0,Auto,0.0
2026-06-18 15:14:14,42.86,0.0,Auto,0.0
2026-06-18 15:14:15,42.86,0.0,Auto,0.0
2026-06-18 15:14:15,42.86,0.0,Auto,0.0
2026-06-18 15:14:16,42.86,0.0,Auto,0.0
2026-06-18 15:14:16,42.86,0.0,Auto,0.0
2026-06-18 15:14:17,42.86,0.0,Auto,0.0
2026-06-18 15:14:17,42.86,0.0,Auto,0.0
2026-06-18 15:14:18,42.86,0.0,Auto,0.0
2026-06-18 15:14:18,42.86,0.0,Auto,0.0
2026-06-18 15:14:19,42.86,0.0,Auto,0.0
2026-06-18 15:14:19,42.86,0.0,Auto,0.0
2026-06-18 15:14:20,42.86,0.0,Auto,0.0
2026-06-18 15:14:20,42.86,0.0,Auto,0.0
2026-06-18 15:14:21,42.86,0.0,Auto,0.0
2026-06-18 15:14:21,42.86,0.0,Auto,0.0
2026-06-18 15:14:22,42.86,0.0,Auto,0.0
2026-06-18 15:14:22,42.86,0.0,Auto,0.0
2026-06-18 15:14:23,42.86,0.0,Auto,0.0
2026-06-18 15:14:23,42.86,0.0,Auto,0.0
2026-06-18 15:14:24,42.86,0.0,Auto,0.0
2026-06-18 15:14:24,42.86,0.0,Auto,0.0
2026-06-18 15:14:25,42.86,0.0,Auto,0.0
2026-06-18 15:14:25,42.86,0.0,Auto,0.0
2026-06-18 15:14:26,42.86,0.0,Auto,0.0
2026-06-18 15:14:26,42.86,0.0,Auto,0.0
2026-06-18 15:14:27,42.86,0.0,Auto,0.0
2026-06-18 15:14:27,42.86,0.0,Auto,0.0
2026-06-18 15:14:28,42.86,0.0,Auto,0.0
2026-06-18 15:14:28,42.86,0.0,Auto,0.0
2026-06-18 15:14:29,42.86,0.0,Auto,0.0
2026-06-18 15:14:29,42.86,0.0,Auto,0.0
2026-06-18 15:14:30,42.86,0.0,Auto,0.0
2026-06-18 15:14:30,42.86,0.0,Auto,0.0
2026-06-18 15:14:31,42.86,0.0,Auto,0.0
2026-06-18 15:14:31,42.86,0.0,Auto,0.0
2026-06-18 15:14:32,42.86,0.0,Auto,0.0
2026-06-18 15:14:32,42.86,0.0,Auto,0.0
2026-06-18 15:14:33,42.86,0.0,Auto,0.0
2026-06-18 15:14:33,42.86,0.0,Auto,0.0
2026-06-18 15:14:34,42.86,0.0,Auto,0.0
2026-06-18 15:14:34,42.86,0.0,Auto,0.0
2026-06-18 15:14:35,42.86,0.0,Auto,0.0
2026-06-18 15:14:35,42.86,0.0,Auto,0.0
2026-06-18 15:14:36,42.86,0.0,Auto,0.0
2026-06-18 15:14:36,42.86,0.0,Auto,0.0
2026-06-18 15:14:37,42.86,0.0,Auto,0.0
2026-06-18 15:14:37,42.86,0.0,Auto,0.0
2026-06-18 15:14:38,42.86,0.0,Auto,0.0
2026-06-18 15:14:38,42.86,0.0,Auto,0.0
2026-06-18 15:14:39,42.86,0.0,Auto,0.0
2026-06-18 15:14:39,42.86,0.0,Auto,0.0
2026-06-18 15:14:40,42.86,0.0,Auto,0.0
2026-06-18 15:14:40,42.86,0.0,Auto,0.0
2026-06-18 15:14:41,42.86,0.0,Auto,0.0
2026-06-18 15:14:41,42.86,0.0,Auto,0.0
2026-06-18 15:14:42,42.86,0.0,Auto,0.0
2026-06-18 15:14:42,42.86,0.0,Auto,0.0
2026-06-18 15:14:43,42.86,0.0,Auto,0.0
2026-06-18 15:14:43,42.86,0.0,Auto,0.0
2026-06-18 15:14:44,42.86,0.0,Auto,0.0
2026-06-18 15:14:44,42.86,0.0,Auto,0.0
2026-06-18 15:14:45,42.86,0.0,Auto,0.0
2026-06-18 15:14:45,42.86,0.0,Auto,0.0
2026-06-18 15:14:46,42.86,0.0,Auto,0.0
2026-06-18 15:14:46,42.86,0.0,Auto,0.0
2026-06-18 15:14:47,42.86,0.0,Auto,0.0
2026-06-18 15:14:47,42.86,0.0,Auto,0.0
2026-06-18 15:14:48,42.86,0.0,Auto,0.0
2026-06-18 15:14:48,42.86,0.0,Auto,0.0
2026-06-18 15:14:49,42.86,0.0,Auto,0.0
2026-06-18 15:14:49,42.86,0.0,Auto,0.0
2026-06-18 15:14:50,42.86,0.0,Auto,0.0
2026-06-18 15:14:50,42.86,0.0,Auto,0.0
2026-06-18 15:14:51,42.86,0.0,Auto,0.0
2026-06-18 15:14:51,42.86,0.0,Auto,0.0
2026-06-18 15:14:52,42.86,0.0,Auto,0.0
2026-06-18 15:14:52,42.86,0.0,Auto,0.0
2026-06-18 15:14:53,42.86,0.0,Auto,0.0
2026-06-18 15:14:53,42.86,0.0,Auto,0.0
2026-06-18 15:14:54,42.86,0.0,Auto,0.0
2026-06-18 15:14:54,42.86,0.0,Auto,0.0
2026-06-18 15:14:55,42.86,0.0,Auto,0.0
2026-06-18 15:14:55,42.86,0.0,Auto,0.0
2026-06-18 15:14:56,42.86,0.0,Auto,0.0
2026-06-18 15:14:56,42.86,0.0,Auto,0.0
2026-06-18 15:14:57,42.86,0.0,Auto,0.0
2026-06-18 15:14:57,42.86,0.0,Auto,0.0
2026-06-18 15:14:58,42.86,0.0,Auto,0.0
2026-06-18 15:14:58,42.86,0.0,Auto,0.0
2026-06-18 15:14:59,42.86,0.0,Auto,0.0
2026-06-18 15:14:59,42.86,0.0,Auto,0.0
2026-06-18 15:15:00,42.86,0.0,Auto,0.0
2026-06-18 15:15:00,42.86,0.0,Auto,0.0
2026-06-18 15:15:01,42.86,0.0,Auto,0.0
2026-06-18 15:15:01,42.86,0.0,Auto,0.0
2026-06-18 15:15:02,42.86,0.0,Auto,0.0
2026-06-18 15:15:02,42.86,0.0,Auto,0.0
2026-06-18 15:15:03,42.86,0.0,Auto,0.0
2026-06-18 15:15:03,42.86,0.0,Auto,0.0
2026-06-18 15:15:04,42.86,0.0,Auto,0.0
2026-06-18 15:15:04,42.86,0.0,Auto,0.0
2026-06-18 15:15:05,42.86,0.0,Auto,0.0
2026-06-18 15:15:05,42.86,0.0,Auto,0.0
2026-06-18 15:15:06,42.86,0.0,Auto,0.0
2026-06-18 15:15:06,42.86,0.0,Auto,0.0
2026-06-18 15:15:07,42.86,0.0,Auto,0.0
2026-06-18 15:15:07,42.86,0.0,Auto,0.0
2026-06-18 15:15:08,42.86,0.0,Auto,0.0
2026-06-18 15:15:08,42.86,0.0,Auto,0.0
2026-06-18 15:15:09,42.86,0.0,Auto,0.0
2026-06-18 15:15:09,42.86,0.0,Auto,0.0
2026-06-18 15:15:10,42.86,0.0,Auto,0.0
2026-06-18 15:15:10,42.86,0.0,Auto,0.0
2026-06-18 15:15:11,42.86,0.0,Auto,0.0
2026-06-18 15:15:11,42.86,0.0,Auto,0.0
2026-06-18 15:15:12,42.86,0.0,Auto,0.0
2026-06-18 15:15:12,42.86,0.0,Auto,0.0
2026-06-18 15:15:13,42.86,0.0,Auto,0.0
2026-06-18 15:15:13,42.86,0.0,Auto,0.0
2026-06-18 15:15:14,42.86,0.0,Auto,0.0
2026-06-18 15:15:14,42.86,0.0,Auto,0.0
2026-06-18 15:15:15,42.86,0.0,Auto,0.0
2026-06-18 15:15:15,42.86,0.0,Auto,0.0
2026-06-18 15:15:16,42.86,0.0,Auto,0.0
2026-06-18 15:15:16,42.86,0.0,Auto,0.0
2026-06-18 15:15:17,42.86,0.0,Auto,0.0
2026-06-18 15:15:17,42.86,0.0,Auto,0.0
2026-06-18 15:15:18,42.86,0.0,Auto,0.0
2026-06-18 15:15:18,42.86,0.0,Auto,0.0
2026-06-18 15:15:19,42.86,0.0,Auto,0.0
2026-06-18 15:15:19,42.86,0.0,Auto,0.0
2026-06-18 15:15:20,42.86,0.0,Auto,0.0
2026-06-18 15:15:20,42.86,0.0,Auto,0.0
2026-06-18 15:15:21,42.86,0.0,Auto,0.0
2026-06-18 15:15:21,42.86,0.0,Auto,0.0
2026-06-18 15:15:22,42.86,0.0,Auto,0.0
2026-06-18 15:15:22,42.86,0.0,Auto,0.0
2026-06-18 15:15:23,42.86,0.0,Auto,0.0
2026-06-18 15:15:23,42.86,0.0,Auto,0.0
2026-06-18 15:15:24,42.86,0.0,Auto,0.0
2026-06-18 15:15:24,42.86,0.0,Auto,0.0
2026-06-18 15:15:25,42.86,0.0,Auto,0.0
2026-06-18 15:15:25,42.86,0.0,Auto,0.0
2026-06-18 15:15:26,42.86,0.0,Auto,0.0
2026-06-18 15:15:26,42.86,0.0,Auto,0.0
2026-06-18 15:15:27,42.86,0.0,Auto,0.0
2026-06-18 15:15:27,42.86,0.0,Auto,0.0
2026-06-18 15:15:28,42.86,0.0,Auto,0.0
2026-06-18 15:15:28,42.86,0.0,Auto,0.0
2026-06-18 15:15:29,42.86,0.0,Auto,0.0
2026-06-18 15:15:29,42.86,0.0,Auto,0.0
2026-06-18 15:15:30,42.86,0.0,Auto,0.0
2026-06-18 15:15:30,42.86,0.0,Auto,0.0
2026-06-18 15:15:31,42.86,0.0,Auto,0.0
2026-06-18 15:15:31,42.86,0.0,Auto,0.0
2026-06-18 15:15:32,42.86,0.0,Auto,0.0
2026-06-18 15:15:32,42.86,0.0,Auto,0.0
2026-06-18 15:15:33,42.86,0.0,Auto,0.0
2026-06-18 15:15:33,42.86,0.0,Auto,0.0
2026-06-18 15:15:34,42.86,0.0,Auto,0.0
2026-06-18 15:15:34,42.86,0.0,Auto,0.0
2026-06-18 15:15:35,42.86,0.0,Auto,0.0
2026-06-18 15:15:35,42.86,0.0,Auto,0.0
2026-06-18 15:15:36,42.86,0.0,Auto,0.0
2026-06-18 15:15:36,42.86,0.0,Auto,0.0
2026-06-18 15:15:37,42.86,0.0,Auto,0.0
2026-06-18 15:15:37,42.86,0.0,Auto,0.0
2026-06-18 15:15:38,42.86,0.0,Auto,0.0
2026-06-18 15:15:38,42.86,0.0,Auto,0.0
2026-06-18 15:15:39,42.86,0.0,Auto,0.0
2026-06-18 15:15:39,42.86,0.0,Auto,0.0
2026-06-18 15:15:40,42.86,0.0,Auto,0.0
2026-06-18 15:15:40,42.86,0.0,Auto,0.0
2026-06-18 15:15:41,42.86,0.0,Auto,0.0
2026-06-18 15:15:41,42.86,0.0,Auto,0.0
2026-06-18 15:15:42,42.86,0.0,Auto,0.0
2026-06-18 15:15:42,42.86,0.0,Auto,0.0
2026-06-18 15:15:43,42.86,0.0,Auto,0.0
2026-06-18 15:15:43,42.86,0.0,Auto,0.0
2026-06-18 15:15:44,42.86,0.0,Auto,0.0
2026-06-18 15:15:44,42.86,0.0,Auto,0.0
2026-06-18 15:15:45,42.86,0.0,Auto,0.0
2026-06-18 15:15:45,42.86,0.0,Auto,0.0
2026-06-18 15:15:46,42.86,0.0,Auto,0.0
2026-06-18 15:15:46,42.86,0.0,Auto,0.0
2026-06-18 15:15:47,42.86,0.0,Auto,0.0
2026-06-18 15:15:47,42.86,0.0,Auto,0.0
2026-06-18 15:15:48,42.86,0.0,Auto,0.0
2026-06-18 15:15:48,42.86,0.0,Auto,0.0
2026-06-18 15:15:49,42.86,0.0,Auto,0.0
2026-06-18 15:15:49,42.86,0.0,Auto,0.0
2026-06-18 15:15:50,42.86,0.0,Auto,0.0
2026-06-18 15:15:50,42.86,0.0,Auto,0.0
2026-06-18 15:15:51,42.86,0.0,Auto,0.0
2026-06-18 15:15:51,42.86,0.0,Auto,0.0
2026-06-18 15:15:52,42.86,0.0,Auto,0.0
2026-06-18 15:15:52,42.86,0.0,Auto,0.0
2026-06-18 15:15:53,42.86,0.0,Auto,0.0
2026-06-18 15:15:53,42.86,0.0,Auto,0.0
2026-06-18 15:15:54,42.86,0.0,Auto,0.0
2026-06-18 15:15:54,42.86,0.0,Auto,0.0
2026-06-18 15:15:55,42.86,0.0,Auto,0.0
2026-06-18 15:15:55,42.86,0.0,Auto,0.0
2026-06-18 15:15:56,42.86,0.0,Auto,0.0
2026-06-18 15:15:56,42.86,0.0,Auto,0.0
2026-06-18 15:15:57,42.86,0.0,Auto,0.0
2026-06-18 15:15:57,42.86,0.0,Auto,0.0
2026-06-18 15:15:58,42.86,0.0,Auto,0.0
2026-06-18 15:15:58,42.86,0.0,Auto,0.0
2026-06-18 15:15:59,42.86,0.0,Auto,0.0
2026-06-18 15:15:59,42.86,0.0,Auto,0.0
2026-06-18 15:16:00,42.86,0.0,Auto,0.0
2026-06-18 15:16:00,42.86,0.0,Auto,0.0
2026-06-18 15:16:01,42.86,0.0,Auto,0.0
2026-06-18 15:16:01,42.86,0.0,Auto,0.0
2026-06-18 15:16:02,42.86,0.0,Auto,0.0
2026-06-18 15:16:02,42.86,0.0,Auto,0.0
2026-06-18 15:16:03,42.86,0.0,Auto,0.0
2026-06-18 15:16:03,42.86,0.0,Auto,0.0
2026-06-18 15:16:04,42.86,0.0,Auto,0.0
2026-06-18 15:16:04,42.86,0.0,Auto,0.0
2026-06-18 15:16:05,42.86,0.0,Auto,0.0
2026-06-18 15:16:05,42.86,0.0,Auto,0.0
2026-06-18 15:16:06,42.86,0.0,Auto,0.0
2026-06-18 15:16:06,42.86,0.0,Auto,0.0
2026-06-18 15:16:07,42.86,0.0,Auto,0.0
2026-06-18 15:16:07,42.86,0.0,Auto,0.0
2026-06-18 15:16:08,42.86,0.0,Auto,0.0
2026-06-18 15:16:08,42.86,0.0,Auto,0.0
2026-06-18 15:16:09,42.86,0.0,Auto,0.0
2026-06-18 15:16:09,42.86,0.0,Auto,0.0
2026-06-18 15:16:10,42.86,0.0,Auto,0.0
2026-06-18 15:16:10,42.86,0.0,Auto,0.0
2026-06-18 15:16:11,42.86,0.0,Auto,0.0
2026-06-18 15:16:11,42.86,0.0,Auto,0.0
2026-06-18 15:16:12,42.86,0.0,Auto,0.0
2026-06-18 15:16:12,42.86,0.0,Auto,0.0
2026-06-18 15:16:13,42.86,0.0,Auto,0.0
2026-06-18 15:16:13,42.86,0.0,Auto,0.0
2026-06-18 15:16:14,42.86,0.0,Auto,0.0
2026-06-18 15:16:14,42.86,0.0,Auto,0.0
2026-06-18 15:16:15,42.86,0.0,Auto,0.0
2026-06-18 15:16:15,42.86,0.0,Auto,0.0
2026-06-18 15:16:16,42.86,0.0,Auto,0.0
2026-06-18 15:16:16,42.86,0.0,Auto,0.0
2026-06-18 15:16:17,42.86,0.0,Auto,0.0
2026-06-18 15:16:17,42.86,0.0,Auto,0.0
2026-06-18 15:16:18,42.86,0.0,Auto,0.0
2026-06-18 15:16:18,42.86,0.0,Auto,0.0
2026-06-18 15:16:19,42.86,0.0,Auto,0.0
2026-06-18 15:16:19,42.86,0.0,Auto,0.0
2026-06-18 15:16:20,42.86,0.0,Auto,0.0
2026-06-18 15:16:20,42.86,0.0,Auto,0.0
2026-06-18 15:16:21,42.86,0.0,Auto,0.0
2026-06-18 15:16:21,42.86,0.0,Auto,0.0
2026-06-18 15:16:22,42.86,0.0,Auto,0.0
2026-06-18 15:16:22,42.86,0.0,Auto,0.0
2026-06-18 15:16:23,42.86,0.0,Auto,0.0
2026-06-18 15:16:23,42.86,0.0,Auto,0.0
2026-06-18 15:16:24,42.86,0.0,Auto,0.0
2026-06-18 15:16:24,42.86,0.0,Auto,0.0
2026-06-18 15:16:25,42.86,0.0,Auto,0.0
2026-06-18 15:16:25,42.86,0.0,Auto,0.0
2026-06-18 15:16:26,42.86,0.0,Auto,0.0
2026-06-18 15:16:26,42.86,0.0,Auto,0.0
2026-06-18 15:16:27,42.86,0.0,Auto,0.0
2026-06-18 15:16:27,42.86,0.0,Auto,0.0
2026-06-18 15:16:28,42.86,0.0,Auto,0.0
2026-06-18 15:16:28,42.86,0.0,Auto,0.0
2026-06-18 15:16:29,42.86,0.0,Auto,0.0
2026-06-18 15:16:29,42.86,0.0,Auto,0.0
